status,draft_folder,secondary_keywords,pillar,format,dale_chall,scheduled_date,drafted_at,title,persona,error,primary_keyword,notes,published_at
published,,1099 loan approval|freelancer credit|prove freelance income to lender,Pillar 1: Financial Education for Non-Traditional Paths,educational,,2026-05-18,,Your 1099 Income Isn't 'Unstable' — Here's How to Prove It,Maya,,freelance income proof,PRE-LAUNCH. CTA = waitlist. Lead with documentation strategies; cash-flow analytics as a *category* (don't name a vendor).,2026-05-11T17:06:41Z
published,,FICO components|what FICO misses|alternative credit data,Pillar 2: Demystifying Finance,educational,,2026-05-25,,What Your Credit Score Actually Measures (And What It Misses),All,,what credit score measures,PRE-LAUNCH. CTA = newsletter. Authority post — establish what FICO doesn't see (income,2026-05-18T14:45:42Z
published,output/2026-05-24_designed-to-be-fair-built-to-discriminate-what-dating-apps-t,algorithmic bias|credit scoring|loan underwriting|structural inequality|neutral systems myth|income verification|meritocracy,Pillar 5: Industry Trends & Advocacy | Pillar 2: Demystifying Finance,industry,10.73,2026-05-25,2026-05-24T20:31:21Z,"Designed to Be Fair, Built to Discriminate: What Dating Apps Teach Us About Financial Systems",All,,gender bias in financial systems,"Urgency: publish within 5 days of 2026-05-24. Anchor to arXiv paper https://arxiv.org/abs/2605.22587v1 on dating-platform gender gaps as structural (not behavioral) phenomenon. Core thesis: systems marketed as objective encode architectural bias — mirrors credit scoring, underwriting, mortgage decisioning. CTA = waitlist signup + invite readers to share their own 'the algorithm said no' moments. Potential seed post for standing series 'The Algorithm Said No.'",2026-05-24T20:52:24Z
queued,,AI workload creep|invisible labor|caregiving penalty|developer well-being|employer accountability|AI productivity|motherhood penalty|role boundary expansion,Pillar 6: Building Differently,industry,,2026-06-01,,AI Is Expanding the Workday. Guess Who Absorbs the Overflow?,Maya,,AI invisible work women,Urgency: publish within 7 days of 2026-05-24. Cite two papers: invisible work https://arxiv.org/abs/2605.22707v1 and developer well-being https://arxiv.org/abs/2605.22349v1. Angle: AI productivity gains flow to employers; burden lands disproportionately on women who already carry invisible labor at work and home. Frame as Building Differently accountability story — employers need equity frameworks for AI deployment. Maya persona suits professional navigating workplace structural pressures. CTA = ask readers to share how AI has changed their workload. Could anchor quarterly employer accountability report thread.,
queued,,explainable AI|AI loan denial|algorithmic contestability|non-traditional income credit|AI underwriting bias,Pillar 5: Industry Trends & Advocacy,industry,,2026-06-08,,Why Knowing Why Isn't Enough: The Fight for Algorithms You Can Actually Challenge,All,,algorithmic bias in lending,Urgency: publish within 5 days of 2026-05-18. Triggered by arXiv paper 'Explainable AI Isn't Enough! Rethinking Algorithmic Contestability' (https://arxiv.org/abs/2605.16041). Angle: explainability theater vs. real contestability for women with non-linear income histories. CTA = newsletter sign-up + invite readers to share their own AI denial experiences. Seed 'The Algorithm Problem' series franchise. [bumped by trending topic],
queued,,AI opinion steering|algorithmic content bias|career return finance|freelance income search results|AI-mediated communication,Pillar 2: Demystifying Finance,educational,,2026-06-15,,The Algorithm Has Opinions About Your Finances. Here's What That Means for You.,All,,AI financial advice bias,Urgency: publish within 7 days of 2026-05-18. Triggered by arXiv paper 'AI-Mediated Communication Can Steer Collective Opinion' (https://arxiv.org/abs/2605.16245). Angle: AI-filtered information environments nudge women toward conventional financial paths; IvyEdge as antidote. Pillar 5 advocacy edge present. CTA = newsletter sign-up framed as opting out of biased mainstream content. Pairs well with post 1 as a two-part launch sequence.,
queued,,AI hiring bias|explainable AI|algorithmic accountability|CFPB|EU AI Act|contested decisions|non-traditional work history,Pillar 5 — Industry Trends & Advocacy / Pillar 6 — Building Differently,industry,,2026-06-22,,Your Credit Was Denied by an Algorithm. Knowing Why Isn't Enough.,All,,algorithmic credit discrimination,"Urgency: publish within 4 days of 2026-05-18. Triggered by arXiv paper https://arxiv.org/abs/2605.16041v1 on contestability gaps in explainable AI. Angle: explainability that says 'add continuous employment' is a trap for women with career gaps, freelance income, or caregiving periods. IvyEdge position: contestability must be a structural right. Tie to CFPB and EU AI Act regulatory momentum. CTA = newsletter sign-up + share. Watch fintech press for pickup.",
queued,,LinkedIn AI tools|opinion homogenization|non-traditional career narrative|return to work|career gap storytelling|AI and women at work,Pillar 5 — Industry Trends & Advocacy,industry,,2026-06-29,,"When You Let AI Rewrite Your LinkedIn, Who's Actually Speaking?",All,,AI writing tools bias,"Urgency: publish within 5-6 days of 2026-05-18. Triggered by arXiv paper https://arxiv.org/abs/2605.16245v1 on LLM-driven opinion shift on platforms. Angle: AI writing assistants may be smoothing out authentic non-traditional signals in women's career narratives, homogenizing discourse toward male-coded professional norms. Format: short opinion piece or LinkedIn-native post optimized for shareability. CTA = comment prompt asking audience to share their experience with AI rewriting tools.",
scheduled,,credit drop after caregiving|career returner loan|how to rebuild credit after gap,Pillar 1: Financial Education for Non-Traditional Paths,educational,,2026-07-06,,The Career Gap That Made Your Credit Score Drop (And Why That's Backwards),Priya,,career gap credit score,PRE-LAUNCH. CTA = tell-us-your-story (collect for launch story bank).,
scheduled,,APR explained|how to compare loan offers|loan APR includes fees,Pillar 2: Demystifying Finance,educational,,2026-07-13,,APR vs. Interest Rate: Why One Number Is 3 Points Higher,All,,APR vs interest rate,PRE-LAUNCH. CTA = newsletter. Use a concrete example (11.9% interest -> 14.2% APR). [bumped by trending topic],
scheduled,,build business credit|alternative business lender|SBA alternative,Pillar 1: Financial Education for Non-Traditional Paths,educational,,2026-07-20,,How to Build Credit When You've Been Profitable for 'Only' Four Years,Carmen,,business loan four years profitable,PRE-LAUNCH. CTA = waitlist. What to ASK lenders — don't pitch a product.,
scheduled,,how underwriting works|alternative credit scoring|gender gap credit,Pillar 2: Demystifying Finance,educational,,2026-07-27,,The Underwriting Model That Wasn't Built for You,All,,FICO underwriting bias,PRE-LAUNCH. CTA = waitlist. 1989 FICO design history + women's credit access data. Cornerstone authority piece.,
scheduled,,credit mistakes 1099|how to build credit as freelancer|freelancer credit utilization,Pillar 1: Financial Education for Non-Traditional Paths,educational,,2026-08-03,,5 Credit-Building Mistakes Freelancers Make (And How to Fix Them),Maya,,freelancer credit building,PRE-LAUNCH. CTA = newsletter or share.,
scheduled,,using ChatGPT to choose bank|AI financial advice|how AI changes banking,Pillar 5: Industry Trends & Advocacy,industry,,2026-08-10,,AI Is Becoming the New Front Door to Banking,All,,AI banking 2026,PRE-LAUNCH. CTA = newsletter. Cite Mintel 49% stat. Press-friendly thought leadership piece.,
scheduled,,bank underwriting criteria|what makes someone high risk to lenders|credit risk assessment explained|how lenders evaluate loan applications,Pillar 2: Demystifying Finance,educational,,2026-08-17,,What Banks Are Actually Measuring When They Say You're 'High Risk',All,,how banks decide who is high risk,"Most readers assume 'high risk' is a verdict on their character; this post shows it's a model output based on inputs that were never calibrated for non-linear careers. IvyEdge POV: the model is the problem, not the borrower.",
scheduled,,1099 side income loan|gig work and mortgage approval|freelance income underwriting|multiple income streams loan,Pillar 1: Financial Education for Non-Traditional Paths,educational,,2026-08-24,,The Side Hustle Paradox: How Extra Income Can Hurt Your Loan Application,Maya,,does side hustle income hurt loan application,"Lenders often treat secondary 1099 income as noise rather than signal, sometimes increasing perceived variability even when total income is higher. The post teaches readers how to present blended income — W-2 plus 1099 — so both streams count in their favor.",
scheduled,,does checking credit hurt score|credit inquiry impact|how many hard inquiries is too many|rate shopping credit pull,Pillar 2: Demystifying Finance,educational,,2026-08-31,,Hard Pull vs. Soft Pull: What Actually Happens to Your Credit When You Apply,All,,hard pull vs soft pull credit score,Fear of hard pulls leads many women to skip rate comparisons entirely — which costs them more than any inquiry would. The post explains the 30-day rate-shopping window and corrects the misconception that browsing loan offers is dangerous.,
scheduled,,debt-to-income ratio explained|DTI ratio mortgage|what is a good DTI ratio|how lenders calculate DTI,Pillar 2: Demystifying Finance,educational,,2026-09-07,,What the Debt-to-Income Ratio Really Measures — and How to Move It,Priya,,how to lower debt-to-income ratio for loan,"DTI is one of the most consequential — and least explained — numbers in lending. This post shows how lenders calculate it, what the thresholds actually mean, and three concrete moves that shift it before a loan application.",
scheduled,,dependent care assistance program|DCAP benefit|childcare support at work|caregiving and women workforce,Pillar 6: Building Differently — How Companies Can Stop Pushing Women Out,industry,,2026-09-14,,The Real Cost of No Caregiver Support at Work — and Why $400 a Month Changes Everything,Priya,,employer caregiver support benefits,"455,000 women left the workforce in 2025; 42% cited caregiving (Catalyst/BLS 2026). This post quantifies both the cost to employers of losing a mid-career woman and the surprisingly small intervention — a DCAP of $400/month — that changes the retention equation.",
scheduled,,maternity leave United States|paid leave economic impact|parental leave retention|average US maternity leave,Pillar 6: Building Differently — How Companies Can Stop Pushing Women Out,industry,,2026-09-21,,12 Weeks Isn't a Perk. It's the Economics of Keeping Women in the Workforce.,All,,paid parental leave statistics women workforce,"Average US maternity leave is 7.2 weeks (Minneapolis Fed 2024), and most of that is unpaid. This post frames adequate paid leave not as generosity but as a structural fix for the post-birth attrition that costs companies far more than the leave itself.",
scheduled,,tax refund psychology|behavioral economics personal finance|why windfalls get spent|freelancer financial planning,Pillar 4: Behavioral Science Insights,behavioral,,2026-09-28,,Mental Accounting: Why Your Brain Treats a Tax Refund Differently Than a Paycheck,Maya,,mental accounting and money decisions,"Mental accounting causes people to treat irregular income — tax refunds, client bonuses, project windfalls — as 'fun money' rather than income, leading to systematic underinvestment. Freelancers are especially exposed. This post gives a concrete reframing and a one-decision rule for windfalls.",
scheduled,,business owner loan documentation|profit and loss statement loan application|non-W2 income verification|small business loan income proof,Pillar 1: Financial Education for Non-Traditional Paths,educational,,2026-10-05,,How to Document Non-W-2 Income So Lenders Can't Ignore It,Carmen,,how to document self-employed income for loan,"Carmen has four years of profitable business financials and still gets declined because she's not presenting them the way underwriters are trained to read them. This post is a documentation checklist — P&L, tax returns, bank statement packaging — that turns 'self-employed' from a liability into evidence.",
scheduled,,caregiver mental health at work|working women burnout statistics|mental health benefit employees|stipend for therapy work,Pillar 6: Building Differently — How Companies Can Stop Pushing Women Out,industry,,2026-10-12,,The Wellness Budget Is a Retention Strategy — Not a Perk,All,,employee wellness budget benefits retention,"Only 36% of working caregivers report 'very good' mental health (Guardian Life 2025). This post argues that a no-approval-required wellness budget — covering therapy, professional development, or rest — is not a nice-to-have but a structural response to a documented mental health gap that disproportionately affects women who carry caregiving responsibility.",
scheduled,,ECOA women credit|Equal Credit Opportunity Act explained|CFPB fair lending|lending discrimination legal protections,Pillar 2: Demystifying Finance,educational,,2026-10-19,,What Fair Lending Laws Actually Require — and Where They Fall Short,All,,fair lending laws for women,"ECOA prohibits discrimination on the basis of sex, but it doesn't prohibit using proxies — like income type or employment continuity — that correlate with gender. This post explains what the law actually covers, what it misses, and what a borrower can do when she suspects the decision wasn't fair.",
scheduled,,behavioral finance loss aversion|why people stay with bad bank|switching cost psychology|sunk cost fallacy personal finance,Pillar 4: Behavioral Science Insights,behavioral,,2026-10-26,,Loss Aversion Is Keeping You in the Wrong Financial Products,Dominique,,loss aversion financial decisions,Kahneman's loss aversion explains why a 750-FICO borrower pays 19% APR for years rather than shop for better terms: the imagined risk of switching outweighs the documented cost of staying. This post reframes comparison-shopping as loss prevention — the framing that actually moves high earners to act.,
scheduled,,remote first company women|geographic barriers women workforce|flexible hiring policy talent|distributed team diversity,Pillar 6: Building Differently — How Companies Can Stop Pushing Women Out,industry,,2026-11-02,,How Remote-First Hiring Unlocks Talent That Office Policies Were Losing,All,,remote work gender equity hiring,"Geography is a structural barrier for women who follow a spouse's relocation, return to a hometown for caregiving, or live outside major metro areas. This post quantifies the talent pool that remote-first hiring opens — and the concentrated diversity benefits — using labor market participation data by geography and care status.",
scheduled,,freelance income variability planning|self-employed cash flow|quarterly tax freelancer|irregular income budgeting,Pillar 1: Financial Education for Non-Traditional Paths,educational,,2026-11-09,,Managing Cash Flow as a 1099 Worker: What Your Bank Doesn't Tell You,Maya,,cash flow management freelancer 1099,"Irregular deposit timing — not irregular income — is what tanks cash flow for freelancers with strong annual revenue. This post introduces a three-account system (operating, tax reserve, opportunity fund) and shows how 30/60/90-day invoicing patterns should shape it — practical infrastructure, not generic budgeting advice.",
scheduled,,fintech gender bias|credit pricing women|algorithmic lending fairness|FICO miscalibration women|arXiv 2512.20753,Pillar 5: Industry Trends & Advocacy,industry,,2026-11-16,,Lending Algorithms Are Overcharging Women — New Research Proves It,All,,lending algorithm discrimination women,"Source: arXiv:2512.20753 — Coots, Bartlett, Nyarko & Goel (Dec 2025). Key finding: fintech algorithm overestimates risk for women (disadvantaging them on pricing) while underestimating risk for Black borrowers — stemming from model miscalibration not intentional bias. Cite the paper directly with link. IvyEdge angle: the model wasn't built with you in mind, and the math proves it.",
scheduled,,1099 income loan approval|underwriting for self-employed women|freelance income documentation for mortgage,Pillar 1: Financial Education for Non-Traditional Paths,educational,,2026-11-23,,What Underwriters Actually See When They Look at 1099 Income,Maya,,how to get approved for a loan as a freelancer,"Walk Maya through exactly what happens inside an underwriting decision when she submits 1099 income — why monthly deposit variance triggers risk flags even when annual revenue is strong and consistent. IvyEdge's POV: the problem isn't her income, it's the look-back window and income-smoothing logic underwriters use. Anchor with the stat that self-employed applicants are denied at nearly double the rate of W-2 applicants for equivalent incomes (Federal Reserve Small Business Credit Survey). [bumped by trending topic]",
scheduled,,credit monitoring behavior change|progress effect personal finance|gamification credit building,Pillar 4: Behavioral Science Insights,behavioral,,2026-11-30,,Why Watching Your Credit Score Move Actually Changes Your Behavior,All,,does checking credit score improve credit,"Grounded in the 'progress principle' (Teresa Amabile, Harvard) and goal-gradient theory — people accelerate effort as they get closer to a visible target. Real-time credit monitoring isn't just informational; it creates a feedback loop that changes payment behavior. IvyEdge's angle: knowing your number isn't enough — you need to see it move to feel the pull of momentum. Anchor with behavioral economics research showing that visible progress indicators increase goal completion rates by up to 40%.",
scheduled,,RTO mandate women leaving jobs|return to office disproportionate impact women|remote work caregiving flexibility,Pillar 6: Building Differently — How Companies Can Stop Pushing Women Out,industry,,2026-12-07,,RTO Mandates Have a Gender Problem — Here's What the Data Shows,All,,remote work gender gap,"Two in three C-suite leaders report that return-to-office mandates caused disproportionate female exits (Upwork 2024). This post examines the mechanism — not just that RTO hurts women, but why: school pickup windows, eldercare coordination, geographic constraints, and the compounding effect on women already shouldering 60% more unpaid care work than men. IvyEdge's angle: remote-first is not a perk, it's a structural choice with measurable workforce-participation consequences. Positions IvyEdge's 100% remote model as a deliberate policy, not a default.",
scheduled,,four day week productivity data|32 hour work week caregiving|companies keeping 4 day week permanently,Pillar 6: Building Differently — How Companies Can Stop Pushing Women Out,industry,,2026-12-14,,The Four-Day Work Week Isn't a Startup Experiment — It's a Retention Strategy,All,,4 day work week women workforce participation,"90% of companies in the world's largest 4-day week trial kept it permanently (Scientific American 2025). This post moves past the productivity debate and focuses on what the research shows specifically for women: reduced burnout, higher retention, and more equitable distribution of caregiving responsibilities at home. IvyEdge's angle: a shortened work week isn't a flexibility perk — it's a structural lever for closing the gender participation gap. Anchor with Microsoft Japan and Reykjavik city trial data showing output held flat or improved.",
scheduled,,women student loan debt statistics|SECURE 2.0 student loan employer match|student debt gender gap workplace,Pillar 6: Building Differently — How Companies Can Stop Pushing Women Out,educational,,2026-12-21,,Student Loan Debt Is a Women's Issue. Your Employer Could Help Fix It.,Priya,,employer student loan repayment benefit women,"Women hold approximately two-thirds of the outstanding $1.7 trillion in U.S. student loan debt (Investopedia). This post explains why — longer enrollment periods, lower starting salaries compressing repayment capacity, and career gaps that extend repayment timelines — and then walks through what employers can actually do under SECURE 2.0 (2024), which allows 401(k) matching on student loan payments. IvyEdge's angle: this is a solvable structural problem, not a personal finance failure, and forward-thinking employers are already acting on it.",
scheduled,,1099 income mortgage approval|freelance income underwriting|bank loan self-employed woman|unstable income loan denial,Pillar 1: Financial Education for Non-Traditional Paths,educational,,2026-12-28,,What Banks Actually Mean When They Call Your Income 'Unstable',Maya,,how to get approved for a loan as a freelancer,"The word 'unstable' is underwriting shorthand for 'we're comparing you to a W-2 model you don't fit.' This post decodes the actual variance calculations lenders use, why month-to-month 1099 deposits trigger flags even when annual income is strong, and what documentation (profit-and-loss statements, 24-month bank statements, client contracts) shifts the read. Angle: the income isn't unstable — the measurement tool is the wrong size. [bumped by trending topic]",
scheduled,,SBA loan requirements years in business|small business loan women|alternative business lending criteria|how long in business for loan approval,Pillar 2: Demystifying Finance,educational,,2027-01-04,,The 5-Year Rule That's Keeping Profitable Women Out of Business Loans,Carmen,,business loan denied 4 years profitable,"Most banks and the SBA default to a 5-years-in-business threshold — but that rule is a proxy for risk, not a measure of it. IvyEdge's angle: profitability is the real signal, and four years of clean financials is more predictive than a fifth calendar year. Break down what underwriters say they're looking for behind the year requirement (default probability, revenue stability, owner draw vs. reinvestment patterns) and show Carmen what data actually makes the case — because the case is there, it's just not being read.",
scheduled,,present bias financial decisions|switching banks psychology|status quo bias money|behavioral economics banking,Pillar 4: Behavioral Science Insights,behavioral,,2027-01-11,,Present Bias Is Why You're Still at the Bank That's Overcharging You,Dominique,,why people stay with bad banks,"Present bias — our tendency to overweight immediate friction against future gains — is why switching banks feels harder than it is even when the math is obvious. Dominique knows her bank is offering her 0.01% APY and 19% on loans; she just hasn't switched. This post makes the cost of staying viscerally concrete (a $10K balance at 0.01% vs. 4.5% over 5 years = $2,240 in foregone interest), then walks through the actual switching checklist so the future action has no friction left. IvyEdge angle: the system benefits from your inertia — let's name it and beat it.",
scheduled,,4 day work week productivity research|reduced hours gender gap|flexible work schedule women|32 hour work week results,Pillar 6: Building Differently — How Companies Can Stop Pushing Women Out,industry,,2027-01-18,,What the Largest 4-Day Work Week Trial Actually Found — And Why It Matters More for Women,All,,4 day work week women workforce participation,"The 2024–2025 global 4-day week trial (61 companies, 2,900 workers) showed 92% of companies kept the policy permanently — but the headline numbers bury the gendered story. Women reported disproportionate gains in sleep, caregiving capacity, and retention intention. IvyEdge angle: a shorter week isn't a perk, it's a structural intervention that addresses the caregiving tax women pay at work. Include the data on why standard 40-hour models were designed around male labor patterns and what the productivity data actually shows about output.",
scheduled,,alternative credit scoring models|ZestAI underwriting|algorithmic bias in lending|how AI changes loan approval,Pillar 5: Industry Trends & Advocacy,industry,,2027-01-25,,AI Is Rewriting Who Gets Approved for a Loan — Is It Fixing the Problem or Inheriting It?,All,,AI credit scoring women bias,"AI underwriting can read more signals than traditional FICO — but if it's trained on historical approval data, it can replicate the same biases at scale and faster. IvyEdge's angle: the question isn't whether AI is involved, it's what the model was trained on and what it's optimizing for. Walk through how traditional models encode gender-correlated penalties (career breaks, part-time income, household income vs. individual income) and what holistic underwriting actually looks at differently. Grounded, not promotional — this is about the industry trend, not a specific product.",
scheduled,,AI financial tools|ChatGPT finances|freelance income tax|AI loan explainer|vibe methodology,Pillar 2: Demystifying Finance,educational,,2027-02-01,,Can You Trust AI to Explain Your Finances? Here's What a New Study Says to Watch For,All,,AI financial advice,"Triggered by arXiv paper on 'vibe methodology' (https://arxiv.org/abs/2605.08071v1). Urgency low — no breaking news hook, 14-day publish window per editorial analysis; scheduling at 14 days from today. Angle: AI financial guidance can appear confident while resting on unverifiable assumptions; women with non-traditional income profiles most exposed. Tone is pro-verification, not anti-AI. CTA = link to checklist or newsletter sign-up for AI finance tips series.",
queued,,credit score drop during career break|credit utilization after job loss|rebuilding credit after caregiving gap|FICO score career returner,Pillar 1: Financial Education for Non-Traditional Paths,educational,,2027-02-08,,Why Your Career Gap Lowered Your Credit Score — Even Though You Paid Every Bill On Time,Priya,,how career gaps affect credit score,"Most women assume credit scores punish missed payments. This post exposes the real culprits — utilization creep, account age stagnation, and inquiry patterns — that silently erode scores during caregiving gaps even when nothing goes 'wrong.' Anchor with the stat that sole female mortgage applicants are 30% more likely to be denied than sole males, then show Priya exactly which credit levers moved and what to do about each one.",
queued,,four day work week productivity data|gender gap remote work policy|women leaving workforce caregiving|RTO mandate female exits,Pillar 6: Building Differently — How Companies Can Stop Pushing Women Out,industry,,2027-02-15,,The 4-Day Work Week Isn't a Perk — It's a Women's Workforce Retention Strategy,All,,4 day work week women workforce participation,"The framing here flips the conventional narrative: companies treat the 4-day week as a wellness nicety, but the data tells a workforce-participation story. Anchor with the finding that 90% of companies in the world's largest trial kept it permanently (Scientific American 2025) and that 455,000 women left the workforce in 2025 with 42% citing caregiving — then connect the Monday back to the mission: structural time relief is what keeps capable women in the room.",
queued,,what is APR on a personal loan|how to compare loan offers|true cost of borrowing|annual percentage rate explained,Pillar 2: Demystifying Finance,educational,,2027-02-22,,APR vs. Interest Rate: The One Number Your Bank Hopes You Ignore,Dominique,,APR vs interest rate difference,"Dominique has a 750 FICO and is still being quoted 19% on personal loans — this post gives her the vocabulary to interrogate that offer. The core insight: APR folds in fees that the interest rate leaves out, which means the advertised rate is almost never the real cost. Walk through a side-by-side loan comparison with actual numbers so she leaves knowing exactly which figure to demand from any lender and why the gap between the two rates is where banks make their margin.",
queued,,why women stay with bad banks|behavioral economics switching costs|loss aversion financial products|how to switch banks without losing progress,Pillar 4: Behavioral Science Insights,behavioral,,2027-03-01,,The Sunk Cost Trap That Keeps Women in the Wrong Financial Products,Dominique,,sunk cost fallacy personal finance decisions,"Dominique knows her bank is underserving her — and stays anyway. This post names the behavioral mechanism: sunk cost bias plus loss aversion makes switching feel riskier than the status quo actually is. Use research on switching inertia in financial services to show that the 'progress' she fears losing (rewards points, relationship history, direct deposit setup) is almost always recoverable in under 30 days — and that staying costs more than leaving.",
queued,,credit score drop during career break|credit utilization during caregiving|rebuilding credit after career gap|loan with career gap,Pillar 1: Financial Education for Non-Traditional Paths,educational,,2027-03-08,,Why Your Career Gap Is Making Your Credit Score Drop — And Why That's Backwards,Priya,,how career gaps affect credit score,"Walk through exactly which FICO factors punish career gaps — utilization spikes when income pauses, account age stalls, new credit inquiries look risky during re-entry — and explain why these proxies were built on continuous male income patterns. Anchor with the stat: women with identical risk profiles receive lower credit scores despite defaulting less and having higher repayment rates. The IvyEdge POV: the model is measuring the wrong thing, not the wrong person.",
queued,,four day work week productivity data|remote work gender gap|caregiving and workforce participation|companies retaining women employees,Pillar 6: Building Differently — How Companies Can Stop Pushing Women Out,industry,,2027-03-15,,The 4-Day Work Week Isn't a Perk — It's a Retention Strategy for Women,All,,4 day work week women workforce participation,"Lead with the finding that 90% of companies in the world's largest 4-day week trial kept it permanently (Scientific American 2025), then connect directly to the caregiving math: 455,000 women left the workforce in 2025 and 42% cited caregiving. The argument is structural, not lifestyle — a compressed schedule is one of the few policy levers that addresses the caregiving penalty without requiring systemic wage reform first. Frame around what the data shows companies get back: retention, productivity, and women who don't have to choose.",
queued,,what is APR on a personal loan|how to compare loan offers|annual percentage rate explained|true cost of borrowing,Pillar 2: Demystifying Finance,educational,,2027-03-22,,APR vs. Interest Rate: Why the Number Your Bank Quotes Isn't the One That Matters,Dominique,,APR vs interest rate difference,"Dominique is being offered 19% personal loans from her bank — and may not realize the advertised interest rate and the APR she's actually paying are two different numbers. Explain the mechanics clearly: APR folds in fees the interest rate strips out, making it the only honest comparison point between two offers. Include a concrete side-by-side example (two $10K loan offers that look identical until you run the APR math). IvyEdge POV: banks aren't required to lead with APR in their marketing — knowing to ask for it is the first advantage.",
queued,,psychology of paying off debt|why we avoid high interest debt|behavioral economics credit cards|debt avalanche vs debt snowball psychology,Pillar 4: Behavioral Science Insights,behavioral,,2027-03-29,,Present Bias Is Why You Keep Paying Your Worst Credit Card Last,Maya,,present bias debt repayment,"Most personal finance advice says pay the highest-interest debt first (the avalanche method) — but most people don't, and that's not a discipline failure, it's present bias in action. The psychological cost of a problem feels smaller when it's further away, so the $400 minimum-payment card with 24% APR gets ignored while the $2,000 balance with 14% APR gets attacked. Use Maya's freelance cash-flow reality as the grounding scenario: irregular income makes present bias worse because every payment feels like a present-tense sacrifice. Close with one reframe: structuring payments as a commitment device rather than a monthly decision reduces the bias's grip.",
queued,,credit score drop after career break|credit utilization during unemployment|rebuilding credit after caregiving gap|FICO score career returner,Pillar 1: Financial Education for Non-Traditional Paths,educational,,2027-04-05,,"Why Your Career Break Is Tanking Your Credit Score — And Why That's the System's Problem, Not Yours",Priya,,how career gaps affect credit score,"Walks through exactly which FICO factors punish a career break — utilization spikes when income drops, account age stagnates, new credit inquiries cluster at re-entry — and reframes each as a measurement failure, not a borrower failure. Anchor stat: women who take caregiving breaks are 30% more likely to be denied a mortgage than male applicants with comparable histories (NCRC 2023). IvyEdge POV: the credit model was calibrated on continuous W-2 employment; a three-year caregiving gap is not risk — it's data the model was never designed to read.",
queued,,what is APR on a loan|how to compare loan offers|annual percentage rate explained|true cost of a personal loan,Pillar 2: Demystifying Finance,educational,,2027-04-12,,APR vs. Interest Rate: The Number Your Bank Hopes You Don't Compare,All,,APR vs interest rate difference,"Explains exactly why APR is always higher than the stated interest rate — it folds in origination fees, processing charges, and other costs that the headline rate buries — and shows readers a side-by-side calculation using two realistic loan offers so the gap is impossible to miss. Anchor hook: a 9.9% interest rate can quietly become a 14.2% APR once fees are included, costing hundreds of dollars the borrower never agreed to in plain language. IvyEdge POV: APR is the only number that tells the whole truth — and lenders who lead with the interest rate are counting on you not to do the math.",
queued,,hedonic adaptation personal finance|mental accounting women salary|high earner still in debt|behavioral finance salary increase spending,Pillar 4: Behavioral Science Insights,behavioral,,2027-04-19,,The Promotion She Earned Didn't Come With a Raise. The Debt Did.,Dominique,,lifestyle creep and debt for women,"Uses hedonic adaptation and mental accounting research to explain why income increases so reliably produce spending increases — and why the effect is sharper for women who reached high earnings later or after periods of financial scarcity. The post teaches readers to recognize the 'I've earned this' spending trigger as a cognitive pattern, not a character flaw, and gives two concrete commitment devices to decouple raises from lifestyle inflation. Anchor stat: 62% of six-figure earners report living paycheck to paycheck (PYMNTS/LendingClub 2023). IvyEdge POV: doing everything right financially still leaves you vulnerable if the system charges you more for credit and pays you less to start — behavioral tools matter most when the margin is already thin.",
queued,,four day work week caregiving|RTO mandate women leaving jobs|flexible schedule female retention|remote work gender gap data,Pillar 6: Building Differently — How Companies Can Stop Pushing Women Out,industry,,2027-04-26,,The Monday Off Policy That's Keeping Women in the Workforce,All,,4 day work week women workforce participation,"Examines the evidence from the world's largest four-day work week trial — 90% of participating companies kept it permanently — and connects the policy directly to female workforce retention, showing that caregiving responsibilities disproportionately fall on women and that a compressed schedule is one of the few structural interventions that measurably reduces that friction. Anchor stat: 455,000 women left the workforce in 2025, with 42% citing caregiving as the reason (Catalyst/BLS 2026). IvyEdge POV: a Monday off is not a lifestyle perk — it is a structural decision that signals whether a company is actually designed to keep women, or just willing to hire them.",
